genotype,haplotype
RAL_100,AA
RAL_101,AA
RAL_105,AA
RAL_109,AA
RAL_129,BA
RAL_136,AA
RAL_138,AA
RAL_142,AA
RAL_149,AA
RAL_153,AA
RAL_158,AA
RAL_161,BA
RAL_176,AA
RAL_177,BA
RAL_181,Unknown
RAL_189,AA
RAL_195,AA
RAL_208,AA
RAL_21,AA
RAL_217,AA
RAL_223,AA
RAL_227,AA
RAL_228,BA
RAL_229,AA
RAL_233,BA
RAL_235,AA
RAL_237,Unknown
RAL_239,AA
RAL_256,BA
RAL_26,AA
RAL_272,AA
RAL_28,AA
RAL_280,BA
RAL_287,AA
RAL_301,AA
RAL_303,AA
RAL_304,AA
RAL_306,AA
RAL_307,AA
RAL_309,AA
RAL_31,BA
RAL_310,BA
RAL_313,BA
RAL_315,AA
RAL_317,AA
RAL_318,AA
RAL_319,BA
RAL_32,AA
RAL_320,BA
RAL_321,AA
RAL_324,AA
RAL_325,Unknown
RAL_332,AA
RAL_335,AA
RAL_336,Unknown
RAL_338,Unknown
RAL_340,BA
RAL_348,AA
RAL_350,AA
RAL_352,AA
RAL_354,AA
RAL_355,AA
RAL_356,AA
RAL_357,BA
RAL_358,AA
RAL_359,BA
RAL_360,AA
RAL_361,AA
RAL_362,AA
RAL_365,BA
RAL_367,AA
RAL_370,AA
RAL_371,AA
RAL_373,BA
RAL_374,AA
RAL_375,AA
RAL_377,BA
RAL_378,AA
RAL_379,AA
RAL_38,AA
RAL_380,AA
RAL_381,AA
RAL_382,AA
RAL_383,AA
RAL_385,AA
RAL_386,AA
RAL_390,AA
RAL_391,AA
RAL_392,AA
RAL_395,AA
RAL_397,AA
RAL_398,AA
RAL_399,AA
RAL_40,AA
RAL_405,BA
RAL_406,AA
RAL_409,Unknown
RAL_41,BA
RAL_42,AA
RAL_426,AA
RAL_427,AA
RAL_437,AA
RAL_439,AA
RAL_440,AA
RAL_441,AA
RAL_443,AA
RAL_45,AA
RAL_461,BA
RAL_48,BA
RAL_486,M
RAL_49,AA
RAL_491,AA
RAL_492,AA
RAL_502,AA
RAL_505,AA
RAL_508,BA
RAL_509,BA
RAL_513,BA
RAL_517,BA
RAL_528,BA
RAL_530,AA
RAL_531,AA
RAL_535,AA
RAL_551,AA
RAL_554,AA
RAL_555,AA
RAL_559,AA
RAL_563,Unknown
RAL_566,AA
RAL_57,AA
RAL_584,AA
RAL_589,AA
RAL_59,AA
RAL_591,AA
RAL_595,AA
RAL_596,AA
RAL_627,AA
RAL_630,AA
RAL_634,AA
RAL_639,BA
RAL_642,M
RAL_646,AA
RAL_69,BA
RAL_703,AA
RAL_705,BA
RAL_707,AA
RAL_712,AA
RAL_714,AA
RAL_716,AA
RAL_721,BA
RAL_727,AA
RAL_73,AA
RAL_730,BA
RAL_732,AA
RAL_737,AA
RAL_738,AA
RAL_748,AA
RAL_75,AA
RAL_757,BA
RAL_761,AA
RAL_765,AA
RAL_774,Unknown
RAL_776,M
RAL_783,BA
RAL_786,AA
RAL_787,Unknown
RAL_790,BA
RAL_796,Unknown
RAL_799,BA
RAL_801,AA
RAL_802,M
RAL_804,BA
RAL_805,BA
RAL_808,AA
RAL_810,Unknown
RAL_812,AA
RAL_818,AA
RAL_819,AA
RAL_820,AA
RAL_821,M
RAL_822,AA
RAL_83,AA
RAL_832,AA
RAL_837,AA
RAL_843,M
RAL_849,AA
RAL_85,AA
RAL_850,AA
RAL_852,M
RAL_853,AA
RAL_855,BA
RAL_857,M
RAL_859,AA
RAL_861,AA
RAL_879,AA
RAL_88,AA
RAL_882,BA
RAL_884,BA
RAL_887,BA
RAL_890,AA
RAL_892,BA
RAL_894,Unknown
RAL_897,AA
RAL_900,AA
RAL_907,BA
RAL_908,BA
RAL_91,M
RAL_911,AA
RAL_913,BA
RAL_93,AA
